"The @OfficialPDPNig congratulates Governor @MrUdomEmmanuel on this auspicious occasion and prays that God, in his i… https://t.co/WGEFznMSsk",1282335051108278272,140,2020-07-12 15:24:35,Twitter for iPhone,12,2
The party urged him to remain steadfast in his delivery of good governance to the people of Rivers state and Nigerians in general.,1282335049271119873,130,2020-07-12 15:24:35,Twitter for iPhone,18,3
Governor @MrUdomEmmanuel has also been exceptional in his commitment towards the growth and stability of our great… https://t.co/hsDf20KTcq,1282335047266242561,139,2020-07-12 15:24:34,Twitter for iPhone,7,2
"... rural development among others, in line with the manifesto of our great party.",1282335045412425728,82,2020-07-12 15:24:34,Twitter for iPhone,1,0
The @OfficialPDPNig is particularly proud of Governor @MrUdomEmmanuel for his achievements in human capital and inf… https://t.co/QYBoEWFdBb,1282335043537580032,140,2020-07-12 15:24:33,Twitter for iPhone,1,0
"Governor @MrUdomEmmanuel is indeed an outstanding leader, excellent administrator and quintessential democrat, who… https://t.co/LLC1z89KDi",1282335041696169984,139,2020-07-12 15:24:33,Twitter for iPhone,1,1
"PDP Salutes Akwa-Ibom Governor Udom At 54

The @OfficialPDPNig congratulates the Governor of Akwa-Ibom state, His E… https://t.co/CLjR9rn1ri",1282335039389392896,140,2020-07-12 15:24:32,Twitter for iPhone,112,19
The @OfficialAPCNg-led administration has distinguished itself as the worst and the most corrupt in the history of… https://t.co/7EhlgL88wY,1282332739421851650,139,2020-07-12 15:15:24,Twitter for iPhone,11,9
The @OfficialPDPNig however urge Nigerians not to despair but keep faith alive and continue to support one another in this perilous time.,1282332737379106819,137,2020-07-12 15:15:23,Twitter for iPhone,11,8
... for which Nigerians now resort to suicide and slavery mission abroad as options.,1282332735588237320,84,2020-07-12 15:15:23,Twitter for iPhone,6,4
It also explains why the @MBuhari administration cannot point to any concrete achievements in the last five years o… https://t.co/nwsAMRzI47,1282332733918851074,140,2020-07-12 15:15:23,Twitter for iPhone,3,5
"... increased morbidity rate, reduced life expectancy &amp; a despondent citizenry.",1282332730408210433,83,2020-07-12 15:15:22,Twitter for iPhone,1,3
This massive looting by the @OfficialAPCNg is responsible for the collapse of infrastructure in all sectors; a frig… https://t.co/XQpsT81XmE,1282332728617312256,140,2020-07-12 15:15:21,Twitter for iPhone,2,3
This is in addition to alleged stealing of repatriated funds and proceeds of huge multiple taxes imposed by the… https://t.co/fNQBF0FpRF,1282332726050410510,136,2020-07-12 15:15:21,Twitter for iPhone,1,3
More distressing are allegations that @OfficialAPCNg leaders are also looting part of the huge borrowings by the… https://t.co/ImQyFuUVA4,1282332724343328769,137,2020-07-12 15:15:20,Twitter for iPhone,1,4
... how resources meant for the development of our nation are being pillaged under the @OfficialAPCNg.,1282332722623545346,102,2020-07-12 15:15:20,Twitter for iPhone,2,3
"The latest revelation of massive looting in NDDC, as detailed by its former Managing Director, Joy Nunieh, as well… https://t.co/PJR8n85Nsu",1282332716726456320,139,2020-07-12 15:15:18,Twitter for iPhone,2,3
"... other agencies, which have been turned into ATM machines for @OfficialAPCNg leaders while Nigerians suffer neglect.",1282332715019370496,119,2020-07-12 15:15:18,Twitter for iPhone,2,3
This is in addition to the mindless looting in revenue related agencies including the Federal Inland Revenue Servic… https://t.co/p3G85mhcd2,1282332713110908930,140,2020-07-12 15:15:18,Twitter for iPhone,2,3
It equally explains why the @OfficialAPCNg administration had also failed to expose those behind the reported steal… https://t.co/k26JSHILQ1,1282332711370330113,140,2020-07-12 15:15:17,Twitter for iPhone,3,4
... just as no steps have been taken by the @OfficialAPCNg government to investigate and recover the money.,1282332708652417024,107,2020-07-12 15:15:16,Twitter for iPhone,2,3
This explains why the @OfficialAPCNg administration has failed to expose those involved in the wholesale stealing o… https://t.co/ZcPrEP1DFg,1282332706605604865,140,2020-07-12 15:15:16,Twitter for iPhone,2,4
... fingers at others while its real intention had always been to sweep the treasuries for their selfish gains.,1282332704839815168,111,2020-07-12 15:15:16,Twitter for iPhone,1,3
"From unfolding events, Nigerians are no longer in doubt that treasury looting is the official manifesto of the… https://t.co/GcJM8kejyU",1282332702448988163,135,2020-07-12 15:15:15,Twitter for iPhone,1,3
"The picture is becoming clearer on how @OfficialAPCNg leaders, in the last five years, siphoned and pocketed over N… https://t.co/PTQRCKMsEc",1282332697617203202,140,2020-07-12 15:15:14,Twitter for iPhone,3,3
... how its leaders are mercilessly plundering our economy while abandoning our citizens to a life of squalor.,1282332692948963328,110,2020-07-12 15:15:13,Twitter for iPhone,2,3
"Also, the recent revelations of widespread treasury looting, including the alleged allocation of billions of stolen… https://t.co/j3rO7Gp2bo",1282332691170549768,140,2020-07-12 15:15:12,Twitter for iPhone,2,4
... attempt by a cabal to delink certain of its officials from indictment in the saga.,1282332689442516993,86,2020-07-12 15:15:12,Twitter for iPhone,1,3
The @OfficialPDPNig says that the grandstanding by the @MBuhari Presidency in response to revelations of abuses and… https://t.co/ikxIm2KAan,1282332687211081730,140,2020-07-12 15:15:11,Twitter for iPhone,1,3
... directly responsible for the excruciating poverty and escalated insecurity being suffered by Nigerians in the last five years.,1282332685181104130,130,2020-07-12 15:15:11,Twitter for iPhone,1,3
"Corruption in Buhari Presidency, APC, Responsible for Poverty In Nigeria – PDP...Says Treasury Looting Is APC’s Man… https://t.co/mCYJRvQLPf",1282332679795613697,140,2020-07-12 15:15:10,Twitter for iPhone,99,42
"RT @GovernorObaseki: #LetsGOFurtherTogether 
#EdoCares 
#EdoFightsCOVID19 
#EDOCovid19Response https://t.co/pL9GCuVHw0",1282271470589292551,118,2020-07-12 11:11:56,Twitter for iPhone,0,17
"RT @GovernorObaseki: World Environment Day: Obaseki makes case for biodiversity, environmental protection, others - https://t.co/e9HlbQKibD…",1282271451140239360,140,2020-07-12 11:11:52,Twitter for iPhone,0,24
RT @MrUdomEmmanuel: #GovUdomAt54  A cross section of Akwa Ibom people express their love to Governor Udom Emmanuel on his birthday https://…,1282271306776563712,140,2020-07-12 11:11:17,Twitter for iPhone,0,31
RT @seyiamakinde: 4. Please call the Emergency Operations Centre on 08095394000 | 08095863000 | 08078288999 | 08078288800 or visit a commun…,1282271173385084930,140,2020-07-12 11:10:45,Twitter for iPhone,0,31
"RT @seyiamakinde: 3. Sadly, we had one COVID-19 related death in the state. So, the total number of deaths in Oyo State is twenty-one.",1282271163138347008,134,2020-07-12 11:10:43,Twitter for iPhone,0,30
"RT @seyiamakinde: 2. Also, the COVID-19 confirmation tests for seventeen suspected cases came back POSITIVE. The cases are from Ibadan Nort…",1282271152560381952,140,2020-07-12 11:10:40,Twitter for iPhone,0,31
"RT @seyiamakinde: OYO STATE COVID-19 TASK FORCE UPDATE (for July 11, 2020)

1. Sixty-seven confirmed COVID-19 cases received their second N…",1282271140602359808,140,2020-07-12 11:10:38,Twitter for iPhone,0,84
"RT @DSGovernment: Mr. Zion Oshiobugie, an advocate for educating under privileged children is our Luminary of the Month. #StrongerDelta htt…",1282271061762088960,140,2020-07-12 11:10:19,Twitter for iPhone,0,78
"RT @IAOkowa: On behalf of the government and people of Delta State, I heartily rejoice with an outstanding professional, seasoned administr…",1282270955629412354,140,2020-07-12 11:09:53,Twitter for iPhone,0,115
"RT @IAOkowa: Remember that the Holy Bible teaches us to remain steadfast and not give up in times of trouble.

Have a very Happy Sunday eve…",1282270940286595073,140,2020-07-12 11:09:50,Twitter for iPhone,0,125
... screened to avoid the ills and violations experienced under the suspended acting Chairman.,1282009765791637505,94,2020-07-11 17:52:01,Twitter for iPhone,27,5
What Nigerians expect at this time is for the Federal Government to ensure Magu's prosecution in court as well as t… https://t.co/LFAxptz8FE,1282009763648360448,140,2020-07-11 17:52:00,Twitter for iPhone,30,8
"Furthermore, the @OfficialPDPNig also urges an investigation into the alleged connection between the indicted… https://t.co/EBzcda3L7I",1282009761433759744,134,2020-07-11 17:52:00,Twitter for iPhone,7,4
"... Magu lacks the required discipline, exposure and experience to head an agency like the @officialEFCC",1282009759273619456,104,2020-07-11 17:51:59,Twitter for iPhone,4,3
"Moreover, the memo by the Attorney General of the Federation and Minister of Justice, Abubakar Malami, detailing ch… https://t.co/hxpZXphR10",1282009756689989632,140,2020-07-11 17:51:59,Twitter for iPhone,4,3
"Nigerians can recall that under Magu, the former National Chairman of the @OfficialAPCNg,  Adams Oshiomhole was bol… https://t.co/WreJJXV90w",1282009754286661632,140,2020-07-11 17:51:58,Twitter for iPhone,4,4
"... including those who have been openly indicted for corruption, has been prosecuted by the @officialEFCC",1282009752151752704,106,2020-07-11 17:51:58,Twitter for iPhone,3,3
The @OfficialPDPNig lamented that Magu has destroyed the integrity of the anti-corruption agency with his manifest… https://t.co/k2CFOrn2q6,1282009749819662349,139,2020-07-11 17:51:57,Twitter for iPhone,4,3
"Similarly, there are several cases of officers and ranks of the commission whose employment in the service were unj… https://t.co/4UJudws4Kn",1282009747319816196,140,2020-07-11 17:51:57,Twitter for iPhone,6,3
... boss was also harassing certain judges to get conviction on cases.,1282009745256329220,70,2020-07-11 17:51:56,Twitter for iPhone,6,3
"There are also allegations of violation of rights, including allegedly making his victims to make statements in cus… https://t.co/QwBx8PF1LR",1282009743075291142,140,2020-07-11 17:51:55,Twitter for iPhone,5,3
... innocent Nigerians are harassed with trumped-up charges and convicted on media trial even before being allowed… https://t.co/Avl3E8NvH4,1282009740835459072,139,2020-07-11 17:51:55,Twitter for iPhone,5,3
The @OfficialPDPNig states that Magu should be made to provide answer to allegations in the public space that he wa… https://t.co/6Rxtk8hDLK,1282009738713149442,140,2020-07-11 17:51:54,Twitter for iPhone,5,3
... manipulation of court procedures as well as a vehicle to harass and extort money from innocent Nigerians.,1282009736607653888,109,2020-07-11 17:51:54,Twitter for iPhone,5,3
The party described Magu as not only being unfit to lead an agency like the @officialEFCC but had also reduced the… https://t.co/YYiQ4AhbV6,1282009734485336065,139,2020-07-11 17:51:53,Twitter for iPhone,6,3
"... rules, victimization of Nigerians and stealing of recovered funds for which he has been suspended.",1282009732358774785,102,2020-07-11 17:51:53,Twitter for iPhone,8,3
"Fraud: Magu Must Answer For Alleged Violations, Victimization and Stealing.

The @OfficialPDPNig says the @MBuhari… https://t.co/48qA3TQZkj",1282009729716363266,139,2020-07-11 17:51:52,Twitter for iPhone,272,94
"Udom At 54: We celebrate the governor of Akwa Ibom State, H. E. @MrUdomEmmanuel on the occasion of his 54th birthda… https://t.co/vn0plIKRqT",1281984977090097154,140,2020-07-11 16:13:31,Twitter for iPhone,333,43
RT @seyiamakinde: 3. Please call the Emergency Operations Centre on 08095394000 | 08095863000 | 08078288999 | 08078288800 or visit a commun…,1281921100683915264,140,2020-07-11 11:59:42,Twitter for iPhone,0,66
"RT @seyiamakinde: So, the total number of confirmed cases in Oyo State today is 1689.",1281921020044156928,85,2020-07-11 11:59:22,Twitter for iPhone,0,64
"RT @seyiamakinde: The cases are from Ibadan N (17), Ibadan SW (13), Oyo E (9), Ido (8), Lagelu (7), Oluyole (6), Orelope (3), Akinyele (3),…",1281920883339268096,140,2020-07-11 11:58:50,Twitter for iPhone,0,68
"RT @seyiamakinde: 2. Also, the COVID-19 confirmation tests for eighty-five suspected cases came back POSITIVE.",1281920762467753985,110,2020-07-11 11:58:21,Twitter for iPhone,0,67
"RT @seyiamakinde: OYO STATE COVID-19 TASK FORCE UPDATE (for July 10, 2020)

1. Ninety-one confirmed COVID-19 cases received their second NE…",1281920736094031872,140,2020-07-11 11:58:15,Twitter for iPhone,0,120
"RT @DSGovernment: #DeltaStateCOVID19Update: 130 new confirmed cases, 165 patients discharged and 6 recorded deaths in the last six days. ht…",1281920362431864835,140,2020-07-11 11:56:45,Twitter for iPhone,0,65
"RT @GovernorObaseki: #Obaseki2020 
#LetsGOFurtherTogether 
#ForwardEverBackwardNever https://t.co/YifmlR8tt9",1281733831616278528,108,2020-07-10 23:35:33,Twitter for iPhone,0,44
"RT @GovernorObaseki: #Obaseki2020 
#LetsGOFurtherTogether 
#ForwardEverBackwardNever https://t.co/jqm0zauJ3K",1281643338421030912,108,2020-07-10 17:35:58,Twitter for iPhone,0,35
RT @seyiamakinde: 4. Please call the Emergency Operations Centre on 08095394000 | 08095863000 | 08078288999 | 08078288800 or visit a commun…,1281586591300026374,140,2020-07-10 13:50:28,Twitter for iPhone,0,34
"RT @seyiamakinde: 3. Sadly, we had one COVID-19 related death. So the total number of deaths in Oyo State is twenty.",1281586580197703682,116,2020-07-10 13:50:26,Twitter for iPhone,0,36
"RT @seyiamakinde: The cases are from Egbeda (6), Ibadan South East (5), Ido (4), Akinyele (3), Ibadan North (2), Lagelu (2), Ibadan South W…",1281586573621039105,140,2020-07-10 13:50:24,Twitter for iPhone,0,30
"RT @seyiamakinde: 2. Also, the COVID-19 confirmation tests for thirty-one suspected cases came back POSITIVE.",1281586558366351360,109,2020-07-10 13:50:20,Twitter for iPhone,0,30
"RT @seyiamakinde: OYO STATE COVID-19 TASK FORCE UPDATE (July 09, 2020)

1. Twenty-three confirmed COVID-19 cases received their second NEGA…",1281586551139569664,140,2020-07-10 13:50:19,Twitter for iPhone,0,79
"RT @DSGovernment: This week’s phrases are:        
PRESUMPTIVE POSITIVE CASE and CONFIRMED POSITIVE CASE. 
#FrequentlyAskedFridays https://…",1281586337263620096,140,2020-07-10 13:49:28,Twitter for iPhone,0,25
"RT @DSGovernment: As we continue to deal with the #COVID19 pandemic, it is important we learn definitions of frequently used terms and  phr…",1281586329470541824,140,2020-07-10 13:49:26,Twitter for iPhone,0,61
"RT @DSGovernment: While inspecting the project in Asaba, the Commissioner stated that the 4.6km drain was a proactive measure taken by the…",1281510678482878464,139,2020-07-10 08:48:49,Twitter for iPhone,0,44
"RT @DSGovernment: Yesterday, the Commissioner for works, Chief James Augoye, disclosed that the Okpanam storm water drainage project in Asa…",1281510667913224193,140,2020-07-10 08:48:47,Twitter for iPhone,0,89
"RT @OfficialPDPNig: #EdoDecides2020 #OshiomholeDeclares “He has been part of the tradition, he knows the vision, he knows the mission, he k…",1281367593115320330,140,2020-07-09 23:20:15,Twitter for iPhone,0,809
"#EdoDecides2020 #OshiomholeDeclares “He has been part of the tradition, he knows the vision, he knows the mission,… https://t.co/xMG6jdxsdi",1281357227023106048,139,2020-07-09 22:39:04,Twitter for iPhone,1959,809
"RT @seyiamakinde: I commended the judiciary led by the Honourable Justice Muktar Abimbola, the Honourable Chief Judge of Oyo State for this…",1281328817450221568,140,2020-07-09 20:46:10,Twitter for iPhone,0,99
"RT @seyiamakinde: Today, we commissioned the Family Court for Oyo State. Although the Child’s Rights Act, 2003 was domesticated in Oyo Stat…",1281328817219534848,140,2020-07-09 20:46:10,Twitter for iPhone,0,657
"ONDO STATE 2020 GUBERNATORIAL PRIMARIES:

WARD CONGRESSES APPEAL PANEL:

The National Working Committee (NWC) of ou… https://t.co/GKTLBbqtGd",1281271288028422144,140,2020-07-09 16:57:34,Twitter for iPhone,72,21
The NWC assures all members of our party in Jigawa and urged them to remain calm and continue to work with the Nort… https://t.co/IDfDQydcPO,1281267910267359233,140,2020-07-09 16:44:09,Twitter for iPhone,25,3
"The NWC hereby directs the North West Zonal Working Committee of our great party, to immediately take charge and su… https://t.co/ALKAhUdRek",1281267908442755072,140,2020-07-09 16:44:08,Twitter for iPhone,31,6
"The National Working Committee (NWC) of the @OfficialPDPNig calls on all our leaders, members and supporters in Jig… https://t.co/wqsIa9FysO",1281267906668564480,140,2020-07-09 16:44:08,Twitter for iPhone,10,3
"PDP Declares Purported Jigawa LG Caretaker Committees Illegal, Null and Void

The @OfficialPDPNig has declared the… https://t.co/xP5k6x9q50",1281267904164618242,139,2020-07-09 16:44:07,Twitter for iPhone,125,28
The NWC restates its call on all leaders and members of our great party in the South West zone to continue to work… https://t.co/ZMdBA2N4PD,1281267171360980994,139,2020-07-09 16:41:13,Twitter for iPhone,26,9
"As earlier stated, the Caretaker Committee is to pilot the affairs of the party in the South West Zone for a period… https://t.co/LTEGSH6LwD",1281267169565777922,140,2020-07-09 16:41:12,Twitter for iPhone,25,5
"The additional members of the South West Zonal Caretaker Committee are Engr. Julius Akinsola (Oyo), Chief Martins O… https://t.co/25oRlIm3Iv",1281267167753879557,140,2020-07-09 16:41:12,Twitter for iPhone,2,1
The action of the NWC is pursuant to Sections 29 (2)(b) and 31(2)(e) of the PDP Constitution (2017 as amended).,1281267165975412736,111,2020-07-09 16:41:11,Twitter for iPhone,4,1
"PDP Expands South West Zonal Caretaker Committee 

The National Working Committee (NWC) of the @OfficialPDPNig has… https://t.co/CkFUUMCkci",1281267163379179521,139,2020-07-09 16:41:11,Twitter for iPhone,126,27
Our party cautions the @OfficialAPCNg to desist from their plots to rig the Edo election as the people of Edo will… https://t.co/1KJ4KjeFKe,1281236688174489601,139,2020-07-09 14:40:05,Twitter for iPhone,21,6
The @OfficialPDPNig notes that it is only a discredited and rejected party like the @OfficialAPCNg that will enlist… https://t.co/8TzLFBmXQD,1281236686274527232,140,2020-07-09 14:40:04,Twitter for iPhone,25,6
"The public has not also forgotten how an individual, who came a distant fourth in the Imo state governorship electi… https://t.co/sBDZIH0rJk",1281236684324118528,140,2020-07-09 14:40:04,Twitter for iPhone,12,4
... their bloodstained electoral conquest in the worst election in our political history as a nation.,1281236682533199873,101,2020-07-09 14:40:03,Twitter for iPhone,5,3
"Nigerians can also recall how, in the Kogi election last year, gunmen and police helicopter were used to chase away… https://t.co/2P1xy6uiPr",1281236680410910722,140,2020-07-09 14:40:03,Twitter for iPhone,9,4
Nigerians already know how  the “Gandollar” election was driven by mercenaries from neighboring countries who disru… https://t.co/tWqdfTyMV0,1281236678502494215,140,2020-07-09 14:40:03,Twitter for iPhone,10,3
"... the face of their campaign in Edo state, were foisted into office through rigging, bloodletting and manipulation of election results.",1281236676682100736,137,2020-07-09 14:40:02,Twitter for iPhone,6,3
"It is common knowledge among Nigerians that characters, such as ‘gandollar’, the killers in the Kogi election as we… https://t.co/nJEkEfhpZk",1281236674811514884,140,2020-07-09 14:40:02,Twitter for iPhone,9,3
"It is indeed disgraceful that 73 days to the election, all the @OfficialAPCNg has to offer is blackmail against our… https://t.co/9oFBSKUGyY",1281236672890494977,140,2020-07-09 14:40:01,Twitter for iPhone,8,3
"The @OfficialAPCNg should also hold  Oshiomhole responsible for indicting its candidate as a ""fake pastor"" that sta… https://t.co/CLYOE39O6n",1281236671044956165,140,2020-07-09 14:40:01,Twitter for iPhone,7,2
... who is only good for “night meetings” and unfit to hold office as governor of Edo state.,1281236669258182656,92,2020-07-09 14:40:00,Twitter for iPhone,6,2
The @OfficialAPCNg should blame themselves for presenting a candidate who was exposed by their party’s former Natio… https://t.co/e0FV2ors4V,1281236667374985216,140,2020-07-09 14:40:00,Twitter for iPhone,6,2
"... political godfathers and cabal to the will, ability and liberty of the people of Edo state to chose their own leader.",1281236665655328768,121,2020-07-09 14:39:59,Twitter for iPhone,6,2
Our party counsels the @OfficialAPCNg to blame nobody but themselves for having a discredited nomination process an… https://t.co/uEewe8C4Mb,1281236663793078275,140,2020-07-09 14:39:59,Twitter for iPhone,6,2
"The @OfficialAPCNg, by now, should know that attempting to rig, by any way whatsoever, will surely be met with stif… https://t.co/umIpoi0qU8",1281236661964283905,140,2020-07-09 14:39:59,Twitter for iPhone,6,2
... expressed will of the people of Edo state to re-elect @GovernorObaseki in the September election.,1281236660173377536,101,2020-07-09 14:39:58,Twitter for iPhone,6,2
"Whereas we understand @OfficialAPCNg’s despondency over the soaring popularity of our party and candidate,… https://t.co/Npf4TtmZ7N",1281236658378113024,131,2020-07-09 14:39:58,Twitter for iPhone,8,2
... hopelessness over their rejection by the Edo people and now seeks to blackmail the Commission.,1281236656515960832,98,2020-07-09 14:39:57,Twitter for iPhone,8,2
The party said that in sponsoring fake reports that @OfficialPDPNig leaders were putting pressure on @inecnigeria C… https://t.co/h34HwJvkm0,1281236654586462212,140,2020-07-09 14:39:57,Twitter for iPhone,8,2
"... the Edo state governorship election for their rejected candidate, Osagie Ize-Iyamu.",1281236652816576516,87,2020-07-09 14:39:56,Twitter for iPhone,9,2
"You Can’t Rig Edo Election, PDP Mocks APC, Ize-Iyamu
…Urges APC To Desist from Fabrications

The @OfficialPDPNig mo… https://t.co/jtlbFDu1UM",1281236650337751040,140,2020-07-09 14:39:56,Twitter for iPhone,222,68
"RT @GovernorObaseki: #Obaseki2020 
#ForwardEverBackwardNever 
#LetsGOFurtherTogether 
@OfficialPDPNig https://t.co/dx7PQAUTKb",1281200536436518912,125,2020-07-09 12:16:26,Twitter for iPhone,0,56
RT @seyiamakinde: 3. Please call the Emergency Operations Centre on 08095394000 | 08095863000 | 08078288999 | 08078288800 or visit a commun…,1281192228686266368,140,2020-07-09 11:43:25,Twitter for iPhone,0,39
"RT @seyiamakinde: The cases are from Ibadan North (9), Ido (8), Oluyole (6), Ibadan South East (5), Lagelu (3), Ibadan South West (3), Ibad…",1281192215906258952,140,2020-07-09 11:43:22,Twitter for iPhone,0,41
"RT @seyiamakinde: 2. Also, the COVID-19 confirmation tests for forty-three suspected cases came back POSITIVE.",1281192205378564097,110,2020-07-09 11:43:19,Twitter for iPhone,0,34
"RT @seyiamakinde: OYO STATE COVID-19 TASK FORCE UPDATE (July 08, 2020)

1. 2 confirmed COVID-19 cases received their second NEGATIVE test r…",1281192193085116417,140,2020-07-09 11:43:16,Twitter for iPhone,0,77
"RT @IAOkowa: Again, I urge you and your loved ones to please #StaySafe, and I thank you all for the birthday wishes!",1280953507080798209,116,2020-07-08 19:54:49,Twitter for iPhone,0,32
"RT @IAOkowa: Therefore, today, my deepest prayer is for God to protect all of us, guide us in all our affairs, and show humanity his abunda…",1280953502798417934,140,2020-07-08 19:54:48,Twitter for iPhone,0,29
RT @IAOkowa: As I have reiterated throughout this pandemic: I have no doubt in my mind whatsoever that we will get through this together.,1280953475778691072,137,2020-07-08 19:54:42,Twitter for iPhone,0,28
"RT @IAOkowa: We have all faced challenges due to this pandemic, however, we have addressed them head-on, knowing fully well that we will al…",1280953385244676099,140,2020-07-08 19:54:20,Twitter for iPhone,0,29
"RT @DSGovernment: The Commissioner for Information, Charles Aniagwu, disclosed that some of the measures include: the establishment of more…",1280952800814551040,140,2020-07-08 19:52:01,Twitter for iPhone,0,29
"RT @DSGovernment: Today, the Delta Government announced that it will take stringent measures to ensure full compliance with prescribed prot…",1280952800227332097,140,2020-07-08 19:52:01,Twitter for iPhone,0,85
"RT @officialKolaO: Magu: Now that the racket has been exposed, the onus lies on President @MBuhari to clean his Augean stable by not sweepi…",1280952597889892358,140,2020-07-08 19:51:12,Twitter for iPhone,0,130
"RT @GovernorObaseki: #LetsGOFurtherTogether 
#EdoCares 
#EdoFightsCOVID19 
#EDOCovid19Response https://t.co/Aujn8B9QFg",1280905744737538050,118,2020-07-08 16:45:02,Twitter for iPhone,0,9
"RT @GovernorObaseki: #Obaseki2020 
#ForwardEverBackwardNever 
#LetsGOFurtherTogether https://t.co/k9GrZahCDX",1280905705667657733,108,2020-07-08 16:44:52,Twitter for iPhone,0,66
"RT @GovernorObaseki: I celebrate my friend and brother, @IAOkowa  as he adds another year today. A gentleman to the core, he has over time…",1280905659635191810,139,2020-07-08 16:44:41,Twitter for iPhone,0,76
Anything short of this will not be acceptable to Nigerians.,1280903655764496386,59,2020-07-08 16:36:44,Twitter for iPhone,20,5
What Nigerians expect at this moment is for President @MBuhari to enforce the law by directing relevant agencies to… https://t.co/Ag9waNiZBc,1280903653843484673,140,2020-07-08 16:36:43,Twitter for iPhone,23,6
"Now that the racket has been exposed, the onus lies on President @MBuhari to clean his Augean stable by not sweepin… https://t.co/RUqQPClDEV",1280903651909931010,140,2020-07-08 16:36:43,Twitter for iPhone,14,7
... is being dragged in allegation of looting recovered fund and other  barefaced frauds.,1280903650022490114,89,2020-07-08 16:36:42,Twitter for iPhone,12,5
"It is a big embarrassment to our nation, that the head of anti-corruption agency in an administration led by the Af… https://t.co/SHREWwgeRt",1280903648076345345,140,2020-07-08 16:36:42,Twitter for iPhone,9,6
"The development has also exposed why corruption has worsened under the Buhari administration, as documented by cred… https://t.co/fHJkIUC1m4",1280903646146854913,140,2020-07-08 16:36:41,Twitter for iPhone,8,5
"... Services (DSS) on Magu's activities, have further exposed the racket that the fight against corruption had beco… https://t.co/tIal2i1Uwy",1280903644066516992,140,2020-07-08 16:36:41,Twitter for iPhone,7,5
The party observed that the revelations of  diversion of recovered funds and fraudulent sale of assets seized by th… https://t.co/Wnp87QXxFy,1280903641914912768,140,2020-07-08 16:36:40,Twitter for iPhone,8,5
"... plundering of public resources, harass political opponents, intimidate and extort money from innocent Nigerians.",1280903639834517504,116,2020-07-08 16:36:40,Twitter for iPhone,9,5
The party said that Magu's indictment reinforces its position that the much-hyped war against corruption by the… https://t.co/SdvQy4pnYc,1280903637892583429,136,2020-07-08 16:36:39,Twitter for iPhone,9,5
"Fraud: Magu Must Face Prosecution, Says PDP...Insists Indictment Reinforces Graft Allegations

The @OfficialPDPNig… https://t.co/XTf3Xtmvfp",1280903635363340288,139,2020-07-08 16:36:39,Twitter for iPhone,213,71
We therefore join millions of Nigerians in felicitating with Governor @IAOkowa &amp; praying that the almighty God gran… https://t.co/9T5JIoqUny,1280889914989719555,144,2020-07-08 15:42:08,Twitter for iPhone,10,3
The @OfficialPDPNig also applauded Governor @IAOkowa for his efforts towards the development and stability of the… https://t.co/E2gkBJlpUo,1280889912846356480,138,2020-07-08 15:42:07,Twitter for iPhone,12,3
... in line with the manifesto of the @OfficialPDPNig and the vision of our founding fathers.,1280889910778609665,93,2020-07-08 15:42:07,Twitter for iPhone,7,2
Our party also notes with pride the achievements of Governor @IAOkowa with the massive infrastructural and human ca… https://t.co/hlcbO7qby5,1280889908559831042,140,2020-07-08 15:42:06,Twitter for iPhone,5,2
"... has brought pride to our great party, the @OfficialPDPNig, and the nation in general.",1280889905724391427,89,2020-07-08 15:42:05,Twitter for iPhone,14,3
"Governor @IAOkowa is a serious minded, down-to-earth and people-oriented leader, whose selfless service to the peop… https://t.co/VX3vrRjTY4",1280889903694467074,140,2020-07-08 15:42:05,Twitter for iPhone,14,3
"The party described Governor @IAOkowa as an outstanding patriot and excellent administrator, who has dedicated his… https://t.co/aL6WaY4oto",1280889901593104385,139,2020-07-08 15:42:04,Twitter for iPhone,8,2
"PDP Hails Okowa at 61

The @OfficialPDPNig has congratulated the Governor of Delta state and Chairman of South Sout… https://t.co/FUoFHmtaNI",1280889898971660289,140,2020-07-08 15:42:04,Twitter for iPhone,399,31
"RT @IAOkowa: I celebrate a new year — isolating alongside my beautiful wife, Edith, I am grateful for the mercy of Almighty God over my fam…",1280874383905521666,140,2020-07-08 14:40:25,Twitter for iPhone,0,167
"The party urged all people of faith across the country to supplicate for our fatherland at this trying time, lament… https://t.co/k2efYr4z91",1280868750183608320,140,2020-07-08 14:18:02,Twitter for iPhone,7,1
"The @OfficialPDPNig also condoles with Governor Samuel Ortom, the Evangelical Church Winning All (ECWA) as well as… https://t.co/rBXf6BbDPW",1280868748237430785,139,2020-07-08 14:18:01,Twitter for iPhone,9,1
"Our party mourns. Our thoughts and prayers go out to the bereaved, particularly the policemen of MOPOL 13 Barracks,… https://t.co/eh8IFjVrFz",1280868746224074753,140,2020-07-08 14:18:01,Twitter for iPhone,4,3
"The @OfficialPDPNig is deeply grieved by the traumatizing incident, which brought pain, sorrow and untold anguish t… https://t.co/TaLGZzuKmV",1280868744298987520,140,2020-07-08 14:18:00,Twitter for iPhone,10,4
"PDP Mourns Victims of Benue Boat Mishap

The @OfficialPDPNig commiserates with the government and people of Benue s… https://t.co/LlYLDrZ61o",1280868741824368640,140,2020-07-08 14:18:00,Twitter for iPhone,145,29
"RT @OfficialPDPNig: Okowa At 61: We congratulate the governor of Delta State, H. E. @IAOkowa, on the occasion of his 61st birthday. We are…",1280834471642660865,139,2020-07-08 12:01:49,Twitter for iPhone,0,52
"RT @atiku: On behalf of my family, Gov @IAOkowa, you are wished a happy birthday. I pray for more years in good health and service to the g…",1280805498988658688,140,2020-07-08 10:06:41,Twitter for iPhone,0,333
"RT @voteandstay: We celebrate you, your excellency, @IAOkowa, on this special occasion of your birthday. 61 years in a man’s life is a mile…",1280789850682273795,140,2020-07-08 09:04:30,Twitter for iPhone,0,11
"RT @abangdove: Happy Birthday Boss! Thank you for the privilege of serving under your administration! God bless you Sir! ❤️

#OkowaAt61 htt…",1280789749754707968,140,2020-07-08 09:04:06,Twitter for iPhone,0,65
"RT @DSGovernment: Happy 61st Birthday to the Governor of our great state, Senator (Dr.) Ifeanyi Arthur Okowa. #OkowaAt61 https://t.co/W4kDH…",1280789635510218753,140,2020-07-08 09:03:39,Twitter for iPhone,0,167
"Okowa At 61: We congratulate the governor of Delta State, H. E. @IAOkowa, on the occasion of his 61st birthday. We… https://t.co/l7ZINNH6BA",1280778015757254656,139,2020-07-08 08:17:29,Twitter for iPhone,362,52
#Edo2020: PhotoNews: Inauguration of the Edo State Guber Election national campaign Council. https://t.co/ed25YmzIiz,1280580415561109506,116,2020-07-07 19:12:17,Twitter for iPhone,474,69
"RT @DSGovernment: UPDATE: Today, the Delta Government announced that the Commissioner for Information, Charles Aniagwu, and 21 other people…",1280553826790096899,140,2020-07-07 17:26:38,Twitter for iPhone,0,81
Inauguration of the Edo State Guber National Campaign Council (Live) https://t.co/o7fqylBrtd,1280508429338062848,92,2020-07-07 14:26:14,Twitter for iPhone,268,80
Inauguration of the Edo State Guber National Campaign Council (Live) https://t.co/qL0EVJkDKC,1280505382822195200,92,2020-07-07 14:14:08,Twitter for iPhone,768,173
"RT @GovernorObaseki: #Obaseki2020 
#ForwardEverBackwardNever 
#LetsGOFurtherTogether https://t.co/eHfo4r2acW",1280476984464887808,108,2020-07-07 12:21:17,Twitter for iPhone,0,75
RT @seyiamakinde: 3. Please call the Emergency Operations Centre on 08095394000 | 08095863000 | 08078288999 | 08078288800 or visit a commun…,1280470582534995968,140,2020-07-07 11:55:51,Twitter for iPhone,0,66
"RT @seyiamakinde: 2. We are grateful to LASLAS Nigeria Ltd which donated medical supplies, and to every person and organisation that contin…",1280470563069272066,140,2020-07-07 11:55:46,Twitter for iPhone,0,63
"RT @seyiamakinde: The cases are from Ibadan North (7), Lagelu (2), Ibadan South West (2), Ona Ara (2), Ibadan North West (1), Ido (1), Ibad…",1280470552881369096,140,2020-07-07 11:55:44,Twitter for iPhone,0,68
"RT @seyiamakinde: OYO STATE COVID-19 TASK FORCE UPDATE (for July 06, 2020)

1. The COVID-19 confirmation tests for seventeen suspected case…",1280470538784292868,140,2020-07-07 11:55:41,Twitter for iPhone,0,85
"RT @DSGovernment: The ‘Delta Red’ on the Coat of Arms stands for energy, passion and courage— traits that radiate in the heart of all our p…",1280469954589048832,140,2020-07-07 11:53:21,Twitter for iPhone,0,36
"RT @DSGovernment: The palm trees, antelope and green hills represent our state’s vegetative characteristics. The Sunray represents vibrancy…",1280469944237465600,140,2020-07-07 11:53:19,Twitter for iPhone,0,34
RT @DSGovernment: The fountain of knowledge maxim pays tribute to the academic exploits of Deltans both at home and abroad.,1280469875958448128,123,2020-07-07 11:53:03,Twitter for iPhone,0,28
"RT @DSGovernment: The oil well and pump at the top left signifies the oil wealth of Delta State, while  the open book with a flaming heart…",1280469863589449729,139,2020-07-07 11:53:00,Twitter for iPhone,0,29
RT @DSGovernment: The Blue circle upon which the Coat of Arms rests symbolises ‘inclusiveness’ and ‘unity in diversity.’ This particular sh…,1280469852558438400,140,2020-07-07 11:52:57,Twitter for iPhone,0,27
"RT @DSGovernment: #DidYouKnow that the Delta State Coat of Arms was inaugurated by the Governor, Dr. Ifeanyi Okowa, on the 28th of August 2…",1280469839547641856,140,2020-07-07 11:52:54,Twitter for iPhone,0,88
"RT @SenBalaMohammed: Today, I inspected the second Bauchi Molecular Genetics and Infectious Disease Laboratory in the Abubakar Tafawa Balew…",1280444234911358977,140,2020-07-07 10:11:09,Twitter for iPhone,0,87
"RT @IAOkowa: As he celebrates his 60th Birthday today, I wish the pioneer Chairman of our great party in Delta State, Distinguished Senator…",1280444142481440768,140,2020-07-07 10:10:47,Twitter for iPhone,0,93
"RT @IAOkowa: On behalf of my family, the government and people of Delta State, I congratulate a courageous gentleman; a leading light of th…",1280444117835829251,140,2020-07-07 10:10:41,Twitter for iPhone,0,103
RT @OfficialPDPNig: The @OfficialPDPNig therefore counsels Governor Ganduje and the @OfficialAPCNg to quietly perish the thoughts of lootin…,1280216452977569792,140,2020-07-06 19:06:02,Twitter for iPhone,0,27
"RT @OfficialPDPNig: ... that is fraught with dishonesty, corruption, non-performance and public shame.",1280216439371247620,102,2020-07-06 19:05:59,Twitter for iPhone,0,20
"RT @OfficialPDPNig: Whereas @GovWike is a highly respected, upright, honest, transparent, people-based and development-driven leader, who i…",1280216428457664512,140,2020-07-06 19:05:56,Twitter for iPhone,0,9
"RT @OfficialPDPNig: Moreover, Governor Ganduje, with his infamous “gandollar” video, is no match to the Chairman of the @OfficialPDPNig Nat…",1280216417107947521,140,2020-07-06 19:05:53,Twitter for iPhone,0,10
"RT @OfficialPDPNig: Of course, this is why the people of Edo state are solidly behind @GovernorObaseki for firmly resisting @OfficialAPCNg…",1280216405552611332,139,2020-07-06 19:05:51,Twitter for iPhone,0,7
"RT @OfficialPDPNig: Under the @OfficialPDPNig, the resources of Edo state, and indeed other PDP states, belong to the people and not to any…",1280216396786536449,140,2020-07-06 19:05:48,Twitter for iPhone,0,7
RT @OfficialPDPNig: Our party invites Governor Ganduje to note that there is no free dollars for him and other @OfficialAPCNg leaders to lo…,1280216375412260871,140,2020-07-06 19:05:43,Twitter for iPhone,0,7
RT @OfficialPDPNig: ... after @GovernorObaseki  liberated the state from the stranglehold of @OfficialAPCNg treasury-looting godfathers.,1280216364767227910,136,2020-07-06 19:05:41,Twitter for iPhone,0,6
"RT @OfficialPDPNig: Governor Ganduje has further confirmed the real intention of the @OfficialAPCNg, which is to use their morally embattle…",1280216355363586048,140,2020-07-06 19:05:39,Twitter for iPhone,0,9
"RT @OfficialPDPNig: Apparently, Governor Ganduje and other @OfficialAPCNg leaders are so used to looting public treasuries that such is his…",1280216345246924800,140,2020-07-06 19:05:36,Twitter for iPhone,0,9
"RT @OfficialPDPNig: The @OfficialPDPNig points out that it is only in a party like the @OfficialAPCNg, under a @MBuhari Presidency, that su…",1280216335167950848,140,2020-07-06 19:05:34,Twitter for iPhone,0,8
"RT @OfficialPDPNig: It is a paradox that an individual who has earned himself the disgraceful public sobriquet of “gandollar”, after being…",1280216324766040066,139,2020-07-06 19:05:31,Twitter for iPhone,0,12
"RT @OfficialPDPNig: The @OfficialPDPNig described as a huge irony that Governor Ganduje, who has become a butt of national shame after bein…",1280216314414538752,140,2020-07-06 19:05:29,Twitter for iPhone,0,16
"RT @OfficialPDPNig: ... treasury looter, who has no moral rectitude to speak on corruption. https://t.co/U712x7UKYF",1280216303148597254,115,2020-07-06 19:05:26,Twitter for iPhone,0,10
"RT @OfficialPDPNig: “You are A Barefaced Treasury Looter”, PDP Replies Ganduje...Says “Gandollar” Cannot Happen In Edo

The @OfficialPDPNig…",1280216290851016705,140,2020-07-06 19:05:23,Twitter for iPhone,0,186
"RT @OfficialPDPNig: Moreover, with the allegations and investigation, Magu has lost the moral rectitude to continue to preside over the ant…",1280216211528302592,140,2020-07-06 19:05:04,Twitter for iPhone,0,15
RT @OfficialPDPNig: ... office to forestall destruction of evidence as well as unnecessary interferences in the matter.,1280216186781937664,119,2020-07-06 19:04:58,Twitter for iPhone,0,11
"RT @OfficialPDPNig: Now that Magu has been pulled in for investigation, the Federal Government should preserve the integrity of the office…",1280216177827024896,139,2020-07-06 19:04:56,Twitter for iPhone,0,8
"RT @OfficialPDPNig: Our party, Nigerians and indeed, the international community are keenly monitoring the development and expect the @MBuh…",1280216167945310214,140,2020-07-06 19:04:54,Twitter for iPhone,0,7
"RT @OfficialPDPNig: Only last month, the Attorney General of the Federation and Minster of Justice, Abubakar Malami, released a memo in whi…",1280216157769936896,140,2020-07-06 19:04:51,Twitter for iPhone,0,8
RT @OfficialPDPNig: The @OfficialPDPNig holds that the development around the @officialEFCC acting Chairman as well as the desperate attemp…,1280216146831118341,140,2020-07-06 19:04:49,Twitter for iPhone,0,6
"RT @OfficialPDPNig: The party said Nigerians are already aware that Magu has been pulled in for questioning, adding that the fact that he h…",1280216136580300800,140,2020-07-06 19:04:46,Twitter for iPhone,0,8
RT @OfficialPDPNig: ... the unhindered investigation of the acting Chairman of the @officialEFCC.,1280216124731412482,97,2020-07-06 19:04:44,Twitter for iPhone,0,7
"RT @OfficialPDPNig: Magu’s Invitation, Investigation Confirms Malfeasance in @officialEFCC-PDP
…He Should Step Aside To Forestall Destructi…",1280216116061765632,140,2020-07-06 19:04:41,Twitter for iPhone,0,115
"ONDO STATE 2020 GUBERNATORIAL PRIMARIES:

WARD CONGRESSES ELECTORAL COMMITTEE:

The NWC of our great party, the… https://t.co/hjXIaGD03J",1280215709965062145,136,2020-07-06 19:03:05,Twitter for iPhone,62,22
